{"stats":{"minecraft:picked_up":{"minecraft:dark_oak_fence":1},"minecraft:dropped":{"minecraft:dark_oak_fence":2},"minecraft:custom":{"minecraft:jump":24,"minecraft:open_chest":1,"minecraft:time_since_rest":3444,"minecraft:crouch_one_cm":564,"minecraft:leave_game":2,"minecraft:play_time":3444,"minecraft:sprint_one_cm":2433,"minecraft:time_since_death":3444,"minecraft:walk_one_cm":2974,"minecraft:sneak_time":184,"minecraft:total_world_time":3444,"minecraft:drop":2,"minecraft:fly_one_cm":57994}},"DataVersion":3465}